id,fecha,local,visita,gano,goles_local,goles_visita,mercado,p
560593,2026-10-10,Arsenal,Leeds United,,,,Gana local,0.6765
560593,2026-10-10,Arsenal,Leeds United,,,,Empate,0.2032
560593,2026-10-10,Arsenal,Leeds United,,,,Gana visita,0.1203
560593,2026-10-10,Arsenal,Leeds United,,,,Ambos marcan,0.4246
560593,2026-10-10,Arsenal,Leeds United,,,,Local gana por más de 1.5,0.4204
560593,2026-10-10,Arsenal,Leeds United,,,,Visita gana por más de 1.5,0.0314
560593,2026-10-10,Arsenal,Leeds United,,,,Local gana por más de 2.5,0.2114
560593,2026-10-10,Arsenal,Leeds United,,,,Visita gana por más de 2.5,0.0061
560593,2026-10-10,Arsenal,Leeds United,,,,Local gana por más de 3.5,0.0877
560593,2026-10-10,Arsenal,Leeds United,,,,Visita gana por más de 3.5,0.001
560593,2026-10-10,Arsenal,Leeds United,,,,Más de 1.5 goles,0.7408
560593,2026-10-10,Arsenal,Leeds United,,,,Más de 2.5 goles,0.4923
560593,2026-10-10,Arsenal,Leeds United,,,,Más de 3.5 goles,0.2734
560593,2026-10-10,Arsenal,Leeds United,,,,Más de 4.5 goles,0.1287
560593,2026-10-10,Arsenal,Leeds United,,,,Más de 5.5 goles,0.0523
560593,2026-10-10,Arsenal,Leeds United,,,,Local más de 0.5 goles,0.8594
560593,2026-10-10,Arsenal,Leeds United,,,,Visita más de 0.5 goles,0.4941
560593,2026-10-10,Arsenal,Leeds United,,,,Local más de 1.5 goles,0.5835
560593,2026-10-10,Arsenal,Leeds United,,,,Visita más de 1.5 goles,0.1494
560593,2026-10-10,Arsenal,Leeds United,,,,Local más de 2.5 goles,0.3129
560593,2026-10-10,Arsenal,Leeds United,,,,Visita más de 2.5 goles,0.0319
560593,2026-10-10,Arsenal,Leeds United,,,,Local más de 3.5 goles,0.136
560593,2026-10-10,Arsenal,Leeds United,,,,Visita más de 3.5 goles,0.0052
560593,2026-10-10,Arsenal,Leeds United,,,,Marcador 0-0,0.0711
560593,2026-10-10,Arsenal,Leeds United,,,,Marcador 0-1,0.0485
560593,2026-10-10,Arsenal,Leeds United,,,,Marcador 0-2,0.0165
560593,2026-10-10,Arsenal,Leeds United,,,,Marcador 0-3,0.0038
560593,2026-10-10,Arsenal,Leeds United,,,,Marcador 0-4,0.0006
560593,2026-10-10,Arsenal,Leeds United,,,,Marcador 1-0,0.1396
560593,2026-10-10,Arsenal,Leeds United,,,,Marcador 1-1,0.0951
560593,2026-10-10,Arsenal,Leeds United,,,,Marcador 1-2,0.0324
560593,2026-10-10,Arsenal,Leeds United,,,,Marcador 1-3,0.0074
560593,2026-10-10,Arsenal,Leeds United,,,,Marcador 1-4,0.0013
560593,2026-10-10,Arsenal,Leeds United,,,,Marcador 2-0,0.1369
560593,2026-10-10,Arsenal,Leeds United,,,,Marcador 2-1,0.0933
560593,2026-10-10,Arsenal,Leeds United,,,,Marcador 2-2,0.0318
560593,2026-10-10,Arsenal,Leeds United,,,,Marcador 2-3,0.0072
560593,2026-10-10,Arsenal,Leeds United,,,,Marcador 2-4,0.0012
560593,2026-10-10,Arsenal,Leeds United,,,,Marcador 3-0,0.0895
560593,2026-10-10,Arsenal,Leeds United,,,,Marcador 3-1,0.061
560593,2026-10-10,Arsenal,Leeds United,,,,Marcador 3-2,0.0208
560593,2026-10-10,Arsenal,Leeds United,,,,Marcador 3-3,0.0047
560593,2026-10-10,Arsenal,Leeds United,,,,Marcador 3-4,0.0008
560593,2026-10-10,Arsenal,Leeds United,,,,Marcador 4-0,0.0439
560593,2026-10-10,Arsenal,Leeds United,,,,Marcador 4-1,0.0299
560593,2026-10-10,Arsenal,Leeds United,,,,Marcador 4-2,0.0102
560593,2026-10-10,Arsenal,Leeds United,,,,Marcador 4-3,0.0023
560593,2026-10-10,Arsenal,Leeds United,,,,Marcador 4-4,0.0004
560593,2026-10-10,Arsenal,Leeds United,,,,Primer gol: local,0.6894
560593,2026-10-10,Arsenal,Leeds United,,,,Primer gol: visita,0.2395
560593,2026-10-10,Arsenal,Leeds United,,,,Primer gol: ninguno,0.0711
560592,2026-10-10,Sunderland,Brighton Hove,,,,Gana local,0.306
560592,2026-10-10,Sunderland,Brighton Hove,,,,Empate,0.2688
560592,2026-10-10,Sunderland,Brighton Hove,,,,Gana visita,0.4253
560592,2026-10-10,Sunderland,Brighton Hove,,,,Ambos marcan,0.5002
560592,2026-10-10,Sunderland,Brighton Hove,,,,Local gana por más de 1.5,0.121
560592,2026-10-10,Sunderland,Brighton Hove,,,,Visita gana por más de 1.5,0.1988
560592,2026-10-10,Sunderland,Brighton Hove,,,,Local gana por más de 2.5,0.037
560592,2026-10-10,Sunderland,Brighton Hove,,,,Visita gana por más de 2.5,0.0729
560592,2026-10-10,Sunderland,Brighton Hove,,,,Local gana por más de 3.5,0.0091
560592,2026-10-10,Sunderland,Brighton Hove,,,,Visita gana por más de 3.5,0.0217
560592,2026-10-10,Sunderland,Brighton Hove,,,,Más de 1.5 goles,0.7083
560592,2026-10-10,Sunderland,Brighton Hove,,,,Más de 2.5 goles,0.4508
560592,2026-10-10,Sunderland,Brighton Hove,,,,Más de 3.5 goles,0.2379
560592,2026-10-10,Sunderland,Brighton Hove,,,,Más de 4.5 goles,0.106
560592,2026-10-10,Sunderland,Brighton Hove,,,,Más de 5.5 goles,0.0406
560592,2026-10-10,Sunderland,Brighton Hove,,,,Local más de 0.5 goles,0.6719
560592,2026-10-10,Sunderland,Brighton Hove,,,,Visita más de 0.5 goles,0.7445
560592,2026-10-10,Sunderland,Brighton Hove,,,,Local más de 1.5 goles,0.3062
560592,2026-10-10,Sunderland,Brighton Hove,,,,Visita más de 1.5 goles,0.3958
560592,2026-10-10,Sunderland,Brighton Hove,,,,Local más de 2.5 goles,0.1025
560592,2026-10-10,Sunderland,Brighton Hove,,,,Visita más de 2.5 goles,0.158
560592,2026-10-10,Sunderland,Brighton Hove,,,,Local más de 3.5 goles,0.0268
560592,2026-10-10,Sunderland,Brighton Hove,,,,Visita más de 3.5 goles,0.0498
560592,2026-10-10,Sunderland,Brighton Hove,,,,Marcador 0-0,0.0838
560592,2026-10-10,Sunderland,Brighton Hove,,,,Marcador 0-1,0.1144
560592,2026-10-10,Sunderland,Brighton Hove,,,,Marcador 0-2,0.078
560592,2026-10-10,Sunderland,Brighton Hove,,,,Marcador 0-3,0.0355
560592,2026-10-10,Sunderland,Brighton Hove,,,,Marcador 0-4,0.0121
560592,2026-10-10,Sunderland,Brighton Hove,,,,Marcador 1-0,0.0934
560592,2026-10-10,Sunderland,Brighton Hove,,,,Marcador 1-1,0.1275
560592,2026-10-10,Sunderland,Brighton Hove,,,,Marcador 1-2,0.087
560592,2026-10-10,Sunderland,Brighton Hove,,,,Marcador 1-3,0.0396
560592,2026-10-10,Sunderland,Brighton Hove,,,,Marcador 1-4,0.0135
560592,2026-10-10,Sunderland,Brighton Hove,,,,Marcador 2-0,0.0521
560592,2026-10-10,Sunderland,Brighton Hove,,,,Marcador 2-1,0.071
560592,2026-10-10,Sunderland,Brighton Hove,,,,Marcador 2-2,0.0485
560592,2026-10-10,Sunderland,Brighton Hove,,,,Marcador 2-3,0.022
560592,2026-10-10,Sunderland,Brighton Hove,,,,Marcador 2-4,0.0075
560592,2026-10-10,Sunderland,Brighton Hove,,,,Marcador 3-0,0.0193
560592,2026-10-10,Sunderland,Brighton Hove,,,,Marcador 3-1,0.0264
560592,2026-10-10,Sunderland,Brighton Hove,,,,Marcador 3-2,0.018
560592,2026-10-10,Sunderland,Brighton Hove,,,,Marcador 3-3,0.0082
560592,2026-10-10,Sunderland,Brighton Hove,,,,Marcador 3-4,0.0028
560592,2026-10-10,Sunderland,Brighton Hove,,,,Marcador 4-0,0.0054
560592,2026-10-10,Sunderland,Brighton Hove,,,,Marcador 4-1,0.0074
560592,2026-10-10,Sunderland,Brighton Hove,,,,Marcador 4-2,0.005
560592,2026-10-10,Sunderland,Brighton Hove,,,,Marcador 4-3,0.0023
560592,2026-10-10,Sunderland,Brighton Hove,,,,Marcador 4-4,0.0008
560592,2026-10-10,Sunderland,Brighton Hove,,,,Primer gol: local,0.4119
560592,2026-10-10,Sunderland,Brighton Hove,,,,Primer gol: visita,0.5043
560592,2026-10-10,Sunderland,Brighton Hove,,,,Primer gol: ninguno,0.0838
560595,2026-10-10,Chelsea,Bournemouth,,,,Gana local,0.466
560595,2026-10-10,Chelsea,Bournemouth,,,,Empate,0.2299
560595,2026-10-10,Chelsea,Bournemouth,,,,Gana visita,0.3041
560595,2026-10-10,Chelsea,Bournemouth,,,,Ambos marcan,0.6298
560595,2026-10-10,Chelsea,Bournemouth,,,,Local gana por más de 1.5,0.2529
560595,2026-10-10,Chelsea,Bournemouth,,,,Visita gana por más de 1.5,0.1364
560595,2026-10-10,Chelsea,Bournemouth,,,,Local gana por más de 2.5,0.112
560595,2026-10-10,Chelsea,Bournemouth,,,,Visita gana por más de 2.5,0.0491
560595,2026-10-10,Chelsea,Bournemouth,,,,Local gana por más de 3.5,0.0413
560595,2026-10-10,Chelsea,Bournemouth,,,,Visita gana por más de 3.5,0.0145
560595,2026-10-10,Chelsea,Bournemouth,,,,Más de 1.5 goles,0.8289
560595,2026-10-10,Chelsea,Bournemouth,,,,Más de 2.5 goles,0.6203
560595,2026-10-10,Chelsea,Bournemouth,,,,Más de 3.5 goles,0.3977
560595,2026-10-10,Chelsea,Bournemouth,,,,Más de 4.5 goles,0.2195
560595,2026-10-10,Chelsea,Bournemouth,,,,Más de 5.5 goles,0.1055
560595,2026-10-10,Chelsea,Bournemouth,,,,Local más de 0.5 goles,0.8332
560595,2026-10-10,Chelsea,Bournemouth,,,,Visita más de 0.5 goles,0.7559
560595,2026-10-10,Chelsea,Bournemouth,,,,Local más de 1.5 goles,0.5344
560595,2026-10-10,Chelsea,Bournemouth,,,,Visita más de 1.5 goles,0.4116
560595,2026-10-10,Chelsea,Bournemouth,,,,Local más de 2.5 goles,0.2669
560595,2026-10-10,Chelsea,Bournemouth,,,,Visita más de 2.5 goles,0.1689
560595,2026-10-10,Chelsea,Bournemouth,,,,Local más de 3.5 goles,0.1072
560595,2026-10-10,Chelsea,Bournemouth,,,,Visita más de 3.5 goles,0.0549
560595,2026-10-10,Chelsea,Bournemouth,,,,Marcador 0-0,0.0407
560595,2026-10-10,Chelsea,Bournemouth,,,,Marcador 0-1,0.0574
560595,2026-10-10,Chelsea,Bournemouth,,,,Marcador 0-2,0.0405
560595,2026-10-10,Chelsea,Bournemouth,,,,Marcador 0-3,0.019
560595,2026-10-10,Chelsea,Bournemouth,,,,Marcador 0-4,0.0067
560595,2026-10-10,Chelsea,Bournemouth,,,,Marcador 1-0,0.0729
560595,2026-10-10,Chelsea,Bournemouth,,,,Marcador 1-1,0.1028
560595,2026-10-10,Chelsea,Bournemouth,,,,Marcador 1-2,0.0725
560595,2026-10-10,Chelsea,Bournemouth,,,,Marcador 1-3,0.0341
560595,2026-10-10,Chelsea,Bournemouth,,,,Marcador 1-4,0.012
560595,2026-10-10,Chelsea,Bournemouth,,,,Marcador 2-0,0.0653
560595,2026-10-10,Chelsea,Bournemouth,,,,Marcador 2-1,0.0921
560595,2026-10-10,Chelsea,Bournemouth,,,,Marcador 2-2,0.0649
560595,2026-10-10,Chelsea,Bournemouth,,,,Marcador 2-3,0.0305
560595,2026-10-10,Chelsea,Bournemouth,,,,Marcador 2-4,0.0108
560595,2026-10-10,Chelsea,Bournemouth,,,,Marcador 3-0,0.039
560595,2026-10-10,Chelsea,Bournemouth,,,,Marcador 3-1,0.055
560595,2026-10-10,Chelsea,Bournemouth,,,,Marcador 3-2,0.0388
560595,2026-10-10,Chelsea,Bournemouth,,,,Marcador 3-3,0.0182
560595,2026-10-10,Chelsea,Bournemouth,,,,Marcador 3-4,0.0064
560595,2026-10-10,Chelsea,Bournemouth,,,,Marcador 4-0,0.0175
560595,2026-10-10,Chelsea,Bournemouth,,,,Marcador 4-1,0.0246
560595,2026-10-10,Chelsea,Bournemouth,,,,Marcador 4-2,0.0173
560595,2026-10-10,Chelsea,Bournemouth,,,,Marcador 4-3,0.0082
560595,2026-10-10,Chelsea,Bournemouth,,,,Marcador 4-4,0.0029
560595,2026-10-10,Chelsea,Bournemouth,,,,Primer gol: local,0.5367
560595,2026-10-10,Chelsea,Bournemouth,,,,Primer gol: visita,0.4226
560595,2026-10-10,Chelsea,Bournemouth,,,,Primer gol: ninguno,0.0407
560599,2026-10-10,Ipswich Town,Fulham,,,,Gana local,0.4065
560599,2026-10-10,Ipswich Town,Fulham,,,,Empate,0.2459
560599,2026-10-10,Ipswich Town,Fulham,,,,Gana visita,0.3476
560599,2026-10-10,Ipswich Town,Fulham,,,,Ambos marcan,0.5895
560599,2026-10-10,Ipswich Town,Fulham,,,,Local gana por más de 1.5,0.1996
560599,2026-10-10,Ipswich Town,Fulham,,,,Visita gana por más de 1.5,0.1587
560599,2026-10-10,Ipswich Town,Fulham,,,,Local gana por más de 2.5,0.0785
560599,2026-10-10,Ipswich Town,Fulham,,,,Visita gana por más de 2.5,0.0576
560599,2026-10-10,Ipswich Town,Fulham,,,,Local gana por más de 3.5,0.0254
560599,2026-10-10,Ipswich Town,Fulham,,,,Visita gana por más de 3.5,0.0171
560599,2026-10-10,Ipswich Town,Fulham,,,,Más de 1.5 goles,0.7895
560599,2026-10-10,Ipswich Town,Fulham,,,,Más de 2.5 goles,0.5601
560599,2026-10-10,Ipswich Town,Fulham,,,,Más de 3.5 goles,0.3362
560599,2026-10-10,Ipswich Town,Fulham,,,,Más de 4.5 goles,0.1725
560599,2026-10-10,Ipswich Town,Fulham,,,,Más de 5.5 goles,0.0767
560599,2026-10-10,Ipswich Town,Fulham,,,,Local más de 0.5 goles,0.7833
560599,2026-10-10,Ipswich Town,Fulham,,,,Visita más de 0.5 goles,0.7526
560599,2026-10-10,Ipswich Town,Fulham,,,,Local más de 1.5 goles,0.4519
560599,2026-10-10,Ipswich Town,Fulham,,,,Visita más de 1.5 goles,0.4071
560599,2026-10-10,Ipswich Town,Fulham,,,,Local más de 2.5 goles,0.1985
560599,2026-10-10,Ipswich Town,Fulham,,,,Visita más de 2.5 goles,0.1657
560599,2026-10-10,Ipswich Town,Fulham,,,,Local más de 3.5 goles,0.0694
560599,2026-10-10,Ipswich Town,Fulham,,,,Visita más de 3.5 goles,0.0534
560599,2026-10-10,Ipswich Town,Fulham,,,,Marcador 0-0,0.0536
560599,2026-10-10,Ipswich Town,Fulham,,,,Marcador 0-1,0.0749
560599,2026-10-10,Ipswich Town,Fulham,,,,Marcador 0-2,0.0523
560599,2026-10-10,Ipswich Town,Fulham,,,,Marcador 0-3,0.0244
560599,2026-10-10,Ipswich Town,Fulham,,,,Marcador 0-4,0.0085
560599,2026-10-10,Ipswich Town,Fulham,,,,Marcador 1-0,0.082
560599,2026-10-10,Ipswich Town,Fulham,,,,Marcador 1-1,0.1145
560599,2026-10-10,Ipswich Town,Fulham,,,,Marcador 1-2,0.08
560599,2026-10-10,Ipswich Town,Fulham,,,,Marcador 1-3,0.0372
560599,2026-10-10,Ipswich Town,Fulham,,,,Marcador 1-4,0.013
560599,2026-10-10,Ipswich Town,Fulham,,,,Marcador 2-0,0.0627
560599,2026-10-10,Ipswich Town,Fulham,,,,Marcador 2-1,0.0876
560599,2026-10-10,Ipswich Town,Fulham,,,,Marcador 2-2,0.0612
560599,2026-10-10,Ipswich Town,Fulham,,,,Marcador 2-3,0.0285
560599,2026-10-10,Ipswich Town,Fulham,,,,Marcador 2-4,0.0099
560599,2026-10-10,Ipswich Town,Fulham,,,,Marcador 3-0,0.032
560599,2026-10-10,Ipswich Town,Fulham,,,,Marcador 3-1,0.0446
560599,2026-10-10,Ipswich Town,Fulham,,,,Marcador 3-2,0.0312
560599,2026-10-10,Ipswich Town,Fulham,,,,Marcador 3-3,0.0145
560599,2026-10-10,Ipswich Town,Fulham,,,,Marcador 3-4,0.0051
560599,2026-10-10,Ipswich Town,Fulham,,,,Marcador 4-0,0.0122
560599,2026-10-10,Ipswich Town,Fulham,,,,Marcador 4-1,0.0171
560599,2026-10-10,Ipswich Town,Fulham,,,,Marcador 4-2,0.0119
560599,2026-10-10,Ipswich Town,Fulham,,,,Marcador 4-3,0.0055
560599,2026-10-10,Ipswich Town,Fulham,,,,Marcador 4-4,0.0019
560599,2026-10-10,Ipswich Town,Fulham,,,,Primer gol: local,0.4946
560599,2026-10-10,Ipswich Town,Fulham,,,,Primer gol: visita,0.4518
560599,2026-10-10,Ipswich Town,Fulham,,,,Primer gol: ninguno,0.0536
560601,2026-10-10,Aston Villa,Brentford,,,,Gana local,0.4087
560601,2026-10-10,Aston Villa,Brentford,,,,Empate,0.2531
560601,2026-10-10,Aston Villa,Brentford,,,,Gana visita,0.3381
560601,2026-10-10,Aston Villa,Brentford,,,,Ambos marcan,0.5618
560601,2026-10-10,Aston Villa,Brentford,,,,Local gana por más de 1.5,0.1968
560601,2026-10-10,Aston Villa,Brentford,,,,Visita gana por más de 1.5,0.1486
560601,2026-10-10,Aston Villa,Brentford,,,,Local gana por más de 2.5,0.0754
560601,2026-10-10,Aston Villa,Brentford,,,,Visita gana por más de 2.5,0.0515
560601,2026-10-10,Aston Villa,Brentford,,,,Local gana por más de 3.5,0.0236
560601,2026-10-10,Aston Villa,Brentford,,,,Visita gana por más de 3.5,0.0146
560601,2026-10-10,Aston Villa,Brentford,,,,Más de 1.5 goles,0.765
560601,2026-10-10,Aston Villa,Brentford,,,,Más de 2.5 goles,0.525
560601,2026-10-10,Aston Villa,Brentford,,,,Más de 3.5 goles,0.3029
560601,2026-10-10,Aston Villa,Brentford,,,,Más de 4.5 goles,0.1487
560601,2026-10-10,Aston Villa,Brentford,,,,Más de 5.5 goles,0.0631
560601,2026-10-10,Aston Villa,Brentford,,,,Local más de 0.5 goles,0.7692
560601,2026-10-10,Aston Villa,Brentford,,,,Visita más de 0.5 goles,0.7304
560601,2026-10-10,Aston Villa,Brentford,,,,Local más de 1.5 goles,0.4308
560601,2026-10-10,Aston Villa,Brentford,,,,Visita más de 1.5 goles,0.377
560601,2026-10-10,Aston Villa,Brentford,,,,Local más de 2.5 goles,0.1827
560601,2026-10-10,Aston Villa,Brentford,,,,Visita más de 2.5 goles,0.1454
560601,2026-10-10,Aston Villa,Brentford,,,,Local más de 3.5 goles,0.0615
560601,2026-10-10,Aston Villa,Brentford,,,,Visita más de 3.5 goles,0.0442
560601,2026-10-10,Aston Villa,Brentford,,,,Marcador 0-0,0.0622
560601,2026-10-10,Aston Villa,Brentford,,,,Marcador 0-1,0.0816
560601,2026-10-10,Aston Villa,Brentford,,,,Marcador 0-2,0.0535
560601,2026-10-10,Aston Villa,Brentford,,,,Marcador 0-3,0.0234
560601,2026-10-10,Aston Villa,Brentford,,,,Marcador 0-4,0.0077
560601,2026-10-10,Aston Villa,Brentford,,,,Marcador 1-0,0.0912
560601,2026-10-10,Aston Villa,Brentford,,,,Marcador 1-1,0.1196
560601,2026-10-10,Aston Villa,Brentford,,,,Marcador 1-2,0.0784
560601,2026-10-10,Aston Villa,Brentford,,,,Marcador 1-3,0.0342
560601,2026-10-10,Aston Villa,Brentford,,,,Marcador 1-4,0.0112
560601,2026-10-10,Aston Villa,Brentford,,,,Marcador 2-0,0.0669
560601,2026-10-10,Aston Villa,Brentford,,,,Marcador 2-1,0.0877
560601,2026-10-10,Aston Villa,Brentford,,,,Marcador 2-2,0.0575
560601,2026-10-10,Aston Villa,Brentford,,,,Marcador 2-3,0.0251
560601,2026-10-10,Aston Villa,Brentford,,,,Marcador 2-4,0.0082
560601,2026-10-10,Aston Villa,Brentford,,,,Marcador 3-0,0.0327
560601,2026-10-10,Aston Villa,Brentford,,,,Marcador 3-1,0.0428
560601,2026-10-10,Aston Villa,Brentford,,,,Marcador 3-2,0.0281
560601,2026-10-10,Aston Villa,Brentford,,,,Marcador 3-3,0.0123
560601,2026-10-10,Aston Villa,Brentford,,,,Marcador 3-4,0.004
560601,2026-10-10,Aston Villa,Brentford,,,,Marcador 4-0,0.012
560601,2026-10-10,Aston Villa,Brentford,,,,Marcador 4-1,0.0157
560601,2026-10-10,Aston Villa,Brentford,,,,Marcador 4-2,0.0103
560601,2026-10-10,Aston Villa,Brentford,,,,Marcador 4-3,0.0045
560601,2026-10-10,Aston Villa,Brentford,,,,Marcador 4-4,0.0015
560601,2026-10-10,Aston Villa,Brentford,,,,Primer gol: local,0.4951
560601,2026-10-10,Aston Villa,Brentford,,,,Primer gol: visita,0.4427
560601,2026-10-10,Aston Villa,Brentford,,,,Primer gol: ninguno,0.0622
560600,2026-10-10,Man United,Tottenham,,,,Gana local,0.6139
560600,2026-10-10,Man United,Tottenham,,,,Empate,0.205
560600,2026-10-10,Man United,Tottenham,,,,Gana visita,0.1811
560600,2026-10-10,Man United,Tottenham,,,,Ambos marcan,0.5671
560600,2026-10-10,Man United,Tottenham,,,,Local gana por más de 1.5,0.38
560600,2026-10-10,Man United,Tottenham,,,,Visita gana por más de 1.5,0.0643
560600,2026-10-10,Man United,Tottenham,,,,Local gana por más de 2.5,0.1939
560600,2026-10-10,Man United,Tottenham,,,,Visita gana por más de 2.5,0.0179
560600,2026-10-10,Man United,Tottenham,,,,Local gana por más de 3.5,0.0827
560600,2026-10-10,Man United,Tottenham,,,,Visita gana por más de 3.5,0.004
560600,2026-10-10,Man United,Tottenham,,,,Más de 1.5 goles,0.8195
560600,2026-10-10,Man United,Tottenham,,,,Más de 2.5 goles,0.6053
560600,2026-10-10,Man United,Tottenham,,,,Más de 3.5 goles,0.3819
560600,2026-10-10,Man United,Tottenham,,,,Más de 4.5 goles,0.207
560600,2026-10-10,Man United,Tottenham,,,,Más de 5.5 goles,0.0976
560600,2026-10-10,Man United,Tottenham,,,,Local más de 0.5 goles,0.876
560600,2026-10-10,Man United,Tottenham,,,,Visita más de 0.5 goles,0.6474
560600,2026-10-10,Man United,Tottenham,,,,Local más de 1.5 goles,0.6172
560600,2026-10-10,Man United,Tottenham,,,,Visita más de 1.5 goles,0.2799
560600,2026-10-10,Man United,Tottenham,,,,Local más de 2.5 goles,0.347
560600,2026-10-10,Man United,Tottenham,,,,Visita más de 2.5 goles,0.0883
560600,2026-10-10,Man United,Tottenham,,,,Local más de 3.5 goles,0.159
560600,2026-10-10,Man United,Tottenham,,,,Visita más de 3.5 goles,0.0217
560600,2026-10-10,Man United,Tottenham,,,,Marcador 0-0,0.0437
560600,2026-10-10,Man United,Tottenham,,,,Marcador 0-1,0.0456
560600,2026-10-10,Man United,Tottenham,,,,Marcador 0-2,0.0238
560600,2026-10-10,Man United,Tottenham,,,,Marcador 0-3,0.0083
560600,2026-10-10,Man United,Tottenham,,,,Marcador 0-4,0.0022
560600,2026-10-10,Man United,Tottenham,,,,Marcador 1-0,0.0913
560600,2026-10-10,Man United,Tottenham,,,,Marcador 1-1,0.0951
560600,2026-10-10,Man United,Tottenham,,,,Marcador 1-2,0.0496
560600,2026-10-10,Man United,Tottenham,,,,Marcador 1-3,0.0172
560600,2026-10-10,Man United,Tottenham,,,,Marcador 1-4,0.0045
560600,2026-10-10,Man United,Tottenham,,,,Marcador 2-0,0.0953
560600,2026-10-10,Man United,Tottenham,,,,Marcador 2-1,0.0993
560600,2026-10-10,Man United,Tottenham,,,,Marcador 2-2,0.0518
560600,2026-10-10,Man United,Tottenham,,,,Marcador 2-3,0.018
560600,2026-10-10,Man United,Tottenham,,,,Marcador 2-4,0.0047
560600,2026-10-10,Man United,Tottenham,,,,Marcador 3-0,0.0663
560600,2026-10-10,Man United,Tottenham,,,,Marcador 3-1,0.0691
560600,2026-10-10,Man United,Tottenham,,,,Marcador 3-2,0.036
560600,2026-10-10,Man United,Tottenham,,,,Marcador 3-3,0.0125
560600,2026-10-10,Man United,Tottenham,,,,Marcador 3-4,0.0033
560600,2026-10-10,Man United,Tottenham,,,,Marcador 4-0,0.0346
560600,2026-10-10,Man United,Tottenham,,,,Marcador 4-1,0.0361
560600,2026-10-10,Man United,Tottenham,,,,Marcador 4-2,0.0188
560600,2026-10-10,Man United,Tottenham,,,,Marcador 4-3,0.0065
560600,2026-10-10,Man United,Tottenham,,,,Marcador 4-4,0.0017
560600,2026-10-10,Man United,Tottenham,,,,Primer gol: local,0.6378
560600,2026-10-10,Man United,Tottenham,,,,Primer gol: visita,0.3185
560600,2026-10-10,Man United,Tottenham,,,,Primer gol: ninguno,0.0437
