prediction_id,match_id,fecha,local,visita,categoria,jugada,probabilidad_base,probabilidad_calibrada,calibracion,precio,disponibilidad,ticker,clave_interna,capturado_en
564699|Hándicap 1.ª parte|2026101012,564699,2026-10-10T09:15:00-05:00,Alavés,Atleti,Hándicap 1.ª parte,Alavés no pierde por más de 1 gol (1.ª parte),0.930879,0.931000,Sin calibrar: faltan 30 casos comparables,—,Tipo/línea ofrecido en LaLiga; falta abrirlo para este partido,—,"(('KXLALIGA1HSPREAD', 'visita', 1.0, None), 'NO')",2026-10-10T12:07:30.936520+00:00
564699|Hándicap de goles|2026101012,564699,2026-10-10T09:15:00-05:00,Alavés,Atleti,Hándicap de goles,Atleti no pierde por más de 1.5 goles,0.768754,0.769000,Sin calibrar: faltan 30 casos comparables,—,Tipo/línea ofrecido en LaLiga; falta abrirlo para este partido,—,"(('KXLALIGASPREAD', 'local', 1.5, None), 'NO')",2026-10-10T12:07:30.936520+00:00
564699|Goles por equipo|2026101012,564699,2026-10-10T09:15:00-05:00,Alavés,Atleti,Goles por equipo,2 o menos goles de Alavés,0.763532,0.764000,Sin calibrar: faltan 30 casos comparables,—,Tipo/línea ofrecido en LaLiga; falta abrirlo para este partido,—,"(('KXLALIGATEAMTOTAL', 'local', 2.5, 'over'), 'NO')",2026-10-10T12:07:30.936520+00:00
564699|Ambos marcan 1.ª parte|2026101012,564699,2026-10-10T09:15:00-05:00,Alavés,Atleti,Ambos marcan 1.ª parte,Uno o ambos equipos se quedan sin marcar en la 1.ª parte,0.761596,0.762000,Sin calibrar: faltan 30 casos comparables,—,Tipo/línea ofrecido en LaLiga; falta abrirlo para este partido,—,"(('KXLALIGA1HBTTS', 'ambos', None, None), 'NO')",2026-10-10T12:07:30.936520+00:00
564699|Goles 2.ª parte|2026101012,564699,2026-10-10T09:15:00-05:00,Alavés,Atleti,Goles 2.ª parte,0–2 goles (2.ª parte),0.752455,0.752000,Sin calibrar: faltan 30 casos comparables,—,Tipo/línea ofrecido en LaLiga; falta abrirlo para este partido,—,"(('KXLALIGA2HTOTAL', 'over', 2.5, 'over'), 'NO')",2026-10-10T12:07:30.936520+00:00
564699|Goles 1.ª parte|2026101012,564699,2026-10-10T09:15:00-05:00,Alavés,Atleti,Goles 1.ª parte,Más de 0.5 goles (1.ª parte),0.740234,0.740000,Sin calibrar: faltan 30 casos comparables,—,Tipo/línea ofrecido en LaLiga; falta abrirlo para este partido,—,"(('KXLALIGA1HTOTAL', 'over', 0.5, 'over'), 'YES')",2026-10-10T12:07:30.936520+00:00
564699|Goles totales|2026101012,564699,2026-10-10T09:15:00-05:00,Alavés,Atleti,Goles totales,0–3 goles totales,0.632447,0.632000,Sin calibrar: faltan 30 casos comparables,—,Tipo/línea ofrecido en LaLiga; falta abrirlo para este partido,—,"(('KXLALIGATOTAL', 'over', 3.5, 'over'), 'NO')",2026-10-10T12:07:30.936520+00:00
564699|Ambos marcan|2026101012,564699,2026-10-10T09:15:00-05:00,Alavés,Atleti,Ambos marcan,Ambos equipos marcan,0.610410,0.610000,Sin calibrar: faltan 30 casos comparables,—,Tipo/línea ofrecido en LaLiga; falta abrirlo para este partido,—,"(('KXLALIGABTTS', 'ambos', None, None), 'YES')",2026-10-10T12:07:30.936520+00:00
564699|Primer gol|2026101012,564699,2026-10-10T09:15:00-05:00,Alavés,Atleti,Primer gol,Primer gol de Alavés o sin goles,0.567784,0.568000,Sin calibrar: faltan 30 casos comparables,—,Tipo/línea ofrecido en LaLiga; falta abrirlo para este partido,—,"(('KXLALIGAFTTS', 'visita', None, None), 'NO')",2026-10-10T12:07:30.936520+00:00
564699|Resultado|2026101012,564699,2026-10-10T09:15:00-05:00,Alavés,Atleti,Resultado,Gana Alavés,0.443404,0.443000,Sin calibrar: faltan 30 casos comparables,—,Tipo/línea ofrecido en LaLiga; falta abrirlo para este partido,—,"(('KXLALIGAGAME', 'local', None, None), 'YES')",2026-10-10T12:07:30.936520+00:00
564700|Ambos marcan 1.ª parte|2026101012,564700,2026-10-10T11:30:00-05:00,Barça,Getafe,Ambos marcan 1.ª parte,Uno o ambos equipos se quedan sin marcar en la 1.ª parte,0.864398,0.864000,Sin calibrar: faltan 30 casos comparables,—,Tipo/línea ofrecido en LaLiga; falta abrirlo para este partido,—,"(('KXLALIGA1HBTTS', 'ambos', None, None), 'NO')",2026-10-10T12:07:30.936520+00:00
564700|Goles 2.ª parte|2026101012,564700,2026-10-10T11:30:00-05:00,Barça,Getafe,Goles 2.ª parte,Más de 0.5 goles (2.ª parte),0.794367,0.794000,Sin calibrar: faltan 30 casos comparables,—,Tipo/línea ofrecido en LaLiga; falta abrirlo para este partido,—,"(('KXLALIGA2HTOTAL', 'over', 0.5, 'over'), 'YES')",2026-10-10T12:07:30.936520+00:00
564700|Hándicap 1.ª parte|2026101012,564700,2026-10-10T11:30:00-05:00,Barça,Getafe,Hándicap 1.ª parte,Getafe no pierde por más de 1 gol (1.ª parte),0.776987,0.777000,Sin calibrar: faltan 30 casos comparables,—,Tipo/línea ofrecido en LaLiga; falta abrirlo para este partido,—,"(('KXLALIGA1HSPREAD', 'local', 1.0, None), 'NO')",2026-10-10T12:07:30.936520+00:00
564700|Goles totales|2026101012,564700,2026-10-10T11:30:00-05:00,Barça,Getafe,Goles totales,Más de 1.5 goles totales,0.772744,0.773000,Sin calibrar: faltan 30 casos comparables,—,Tipo/línea ofrecido en LaLiga; falta abrirlo para este partido,—,"(('KXLALIGATOTAL', 'over', 1.5, 'over'), 'YES')",2026-10-10T12:07:30.936520+00:00
564700|Resultado|2026101012,564700,2026-10-10T11:30:00-05:00,Barça,Getafe,Resultado,Gana Barça,0.765962,0.766000,Sin calibrar: faltan 30 casos comparables,—,Tipo/línea ofrecido en LaLiga; falta abrirlo para este partido,—,"(('KXLALIGAGAME', 'local', None, None), 'YES')",2026-10-10T12:07:30.936520+00:00
564700|Corners totales|2026101012,564700,2026-10-10T11:30:00-05:00,Barça,Getafe,Corners totales,8+ corners totales,0.763598,0.764000,Sin calibrar: faltan 30 casos comparables,—,Tipo/línea ofrecido en LaLiga; falta abrirlo para este partido,—,"(('KXLALIGACORNERS', 'over', 8.0, 'over'), 'YES')",2026-10-10T12:07:30.936520+00:00
564700|Corners por equipo|2026101012,564700,2026-10-10T11:30:00-05:00,Barça,Getafe,Corners por equipo,0–5 corners de Getafe,0.761496,0.761000,Sin calibrar: faltan 30 casos comparables,—,Tipo/línea ofrecido en LaLiga; falta abrirlo para este partido,—,"(('KXLALIGATCORNERS', 'visita', 6.0, 'over'), 'NO')",2026-10-10T12:07:30.936520+00:00
564700|Primer gol|2026101012,564700,2026-10-10T11:30:00-05:00,Barça,Getafe,Primer gol,Primer gol de Barça,0.757466,0.757000,Sin calibrar: faltan 30 casos comparables,—,Tipo/línea ofrecido en LaLiga; falta abrirlo para este partido,—,"(('KXLALIGAFTTS', 'local', None, None), 'YES')",2026-10-10T12:07:30.936520+00:00
564700|Goles 1.ª parte|2026101012,564700,2026-10-10T11:30:00-05:00,Barça,Getafe,Goles 1.ª parte,Más de 0.5 goles (1.ª parte),0.710888,0.711000,Sin calibrar: faltan 30 casos comparables,—,Tipo/línea ofrecido en LaLiga; falta abrirlo para este partido,—,"(('KXLALIGA1HTOTAL', 'over', 0.5, 'over'), 'YES')",2026-10-10T12:07:30.936520+00:00
564700|Hándicap de goles|2026101012,564700,2026-10-10T11:30:00-05:00,Barça,Getafe,Hándicap de goles,Getafe no pierde por más de 2.5 goles,0.701495,0.701000,Sin calibrar: faltan 30 casos comparables,—,Tipo/línea ofrecido en LaLiga; falta abrirlo para este partido,—,"(('KXLALIGASPREAD', 'local', 2.5, None), 'NO')",2026-10-10T12:07:30.936520+00:00
564702|Corners por equipo|2026101012,564702,2026-10-10T14:00:00-05:00,Real Madrid,Villarreal,Corners por equipo,3+ corners de Villarreal,0.782187,0.782000,Sin calibrar: faltan 30 casos comparables,—,Tipo/línea ofrecido en LaLiga; falta abrirlo para este partido,—,"(('KXLALIGATCORNERS', 'visita', 3.0, 'over'), 'YES')",2026-10-10T12:07:30.936520+00:00
564702|Hándicap 1.ª parte|2026101012,564702,2026-10-10T14:00:00-05:00,Real Madrid,Villarreal,Hándicap 1.ª parte,Villarreal no pierde por más de 1 gol (1.ª parte),0.779634,0.780000,Sin calibrar: faltan 30 casos comparables,76%,Disponible ahora,KXLALIGA1HSPREAD-26OCT10RMAVIL-RMA2,"(('KXLALIGA1HSPREAD', 'local', 1.0, None), 'NO')",2026-10-10T12:07:30.936520+00:00
564702|Goles 1.ª parte|2026101012,564702,2026-10-10T14:00:00-05:00,Real Madrid,Villarreal,Goles 1.ª parte,0–2 goles (1.ª parte),0.766935,0.767000,Sin calibrar: faltan 30 casos comparables,75%,Disponible ahora,KXLALIGA1HTOTAL-26OCT10RMAVIL-3,"(('KXLALIGA1HTOTAL', 'over', 2.5, 'over'), 'NO')",2026-10-10T12:07:30.936520+00:00
564702|Corners totales|2026101012,564702,2026-10-10T14:00:00-05:00,Real Madrid,Villarreal,Corners totales,8+ corners totales,0.756558,0.757000,Sin calibrar: faltan 30 casos comparables,88%,Disponible ahora,KXLALIGACORNERS-26OCT10RMAVIL-8,"(('KXLALIGACORNERS', 'over', 8.0, 'over'), 'YES')",2026-10-10T12:07:30.936520+00:00
564702|Hándicap de goles|2026101012,564702,2026-10-10T14:00:00-05:00,Real Madrid,Villarreal,Hándicap de goles,Villarreal no pierde por más de 2.5 goles,0.732471,0.732000,Sin calibrar: faltan 30 casos comparables,70%,Disponible ahora,KXLALIGASPREAD-26OCT10RMAVIL-RMA3,"(('KXLALIGASPREAD', 'local', 2.5, None), 'NO')",2026-10-10T12:07:30.936520+00:00
564702|Goles por equipo|2026101012,564702,2026-10-10T14:00:00-05:00,Real Madrid,Villarreal,Goles por equipo,Más de 1.5 goles de Real Madrid,0.728713,0.729000,Sin calibrar: faltan 30 casos comparables,79%,Disponible ahora,KXLALIGATEAMTOTAL-26OCT10RMAVIL-RMA2,"(('KXLALIGATEAMTOTAL', 'local', 1.5, 'over'), 'YES')",2026-10-10T12:07:30.936520+00:00
564702|Goles totales|2026101012,564702,2026-10-10T14:00:00-05:00,Real Madrid,Villarreal,Goles totales,Más de 2.5 goles totales,0.728325,0.728000,Sin calibrar: faltan 30 casos comparables,78%,Disponible ahora,KXLALIGATOTAL-26OCT10RMAVIL-3,"(('KXLALIGATOTAL', 'over', 2.5, 'over'), 'YES')",2026-10-10T12:07:30.936520+00:00
564702|Ambos marcan 1.ª parte|2026101012,564702,2026-10-10T14:00:00-05:00,Real Madrid,Villarreal,Ambos marcan 1.ª parte,Uno o ambos equipos se quedan sin marcar en la 1.ª parte,0.721395,0.721000,Sin calibrar: faltan 30 casos comparables,71%,Disponible ahora,KXLALIGA1HBTTS-26OCT10RMAVIL-BTTS,"(('KXLALIGA1HBTTS', 'ambos', None, None), 'NO')",2026-10-10T12:07:30.936520+00:00
564702|Primer gol|2026101012,564702,2026-10-10T14:00:00-05:00,Real Madrid,Villarreal,Primer gol,Primer gol de Real Madrid o sin goles,0.689237,0.689000,Sin calibrar: faltan 30 casos comparables,73%,Disponible ahora,KXLALIGAFTTS-26OCT10RMAVIL-VIL,"(('KXLALIGAFTTS', 'visita', None, None), 'NO')",2026-10-10T12:07:30.936520+00:00
564702|Resultado|2026101012,564702,2026-10-10T14:00:00-05:00,Real Madrid,Villarreal,Resultado,Gana Real Madrid,0.670422,0.670000,Sin calibrar: faltan 30 casos comparables,72%,Disponible ahora,KXLALIGAGAME-26OCT10RMAVIL-RMA,"(('KXLALIGAGAME', 'local', None, None), 'YES')",2026-10-10T12:07:30.936520+00:00
564703|Hándicap 1.ª parte|2026101012,564703,2026-10-11T07:00:00-05:00,Elche,Celta,Hándicap 1.ª parte,Celta no pierde por más de 1 gol (1.ª parte),0.958666,0.959000,Sin calibrar: faltan 30 casos comparables,—,Tipo/línea ofrecido en LaLiga; falta abrirlo para este partido,—,"(('KXLALIGA1HSPREAD', 'local', 1.0, None), 'NO')",2026-10-10T12:07:30.936520+00:00
564703|Ambos marcan 1.ª parte|2026101012,564703,2026-10-11T07:00:00-05:00,Elche,Celta,Ambos marcan 1.ª parte,Uno o ambos equipos se quedan sin marcar en la 1.ª parte,0.828960,0.829000,Sin calibrar: faltan 30 casos comparables,83%,Disponible ahora,KXLALIGA1HBTTS-26OCT11ELCRCC-BTTS,"(('KXLALIGA1HBTTS', 'ambos', None, None), 'NO')",2026-10-10T12:07:30.936520+00:00
564703|Corners por equipo|2026101012,564703,2026-10-11T07:00:00-05:00,Elche,Celta,Corners por equipo,0–5 corners de Celta,0.795236,0.795000,Sin calibrar: faltan 30 casos comparables,—,Tipo/línea ofrecido en LaLiga; falta abrirlo para este partido,—,"(('KXLALIGATCORNERS', 'visita', 6.0, 'over'), 'NO')",2026-10-10T12:07:30.936520+00:00
564703|Corners totales|2026101012,564703,2026-10-11T07:00:00-05:00,Elche,Celta,Corners totales,0–11 corners totales,0.775506,0.776000,Sin calibrar: faltan 30 casos comparables,—,Tipo/línea ofrecido en LaLiga; falta abrirlo para este partido,—,"(('KXLALIGACORNERS', 'over', 12.0, 'over'), 'NO')",2026-10-10T12:07:30.936520+00:00
564703|Goles por equipo|2026101012,564703,2026-10-11T07:00:00-05:00,Elche,Celta,Goles por equipo,Más de 0.5 goles de Celta,0.774515,0.775000,Sin calibrar: faltan 30 casos comparables,76%,Disponible ahora,KXLALIGATEAMTOTAL-26OCT11ELCRCC-RCC1,"(('KXLALIGATEAMTOTAL', 'visita', 0.5, 'over'), 'YES')",2026-10-10T12:07:30.936520+00:00
564703|Goles totales|2026101012,564703,2026-10-11T07:00:00-05:00,Elche,Celta,Goles totales,0–3 goles totales,0.759592,0.760000,Sin calibrar: faltan 30 casos comparables,75%,Disponible ahora,KXLALIGATOTAL-26OCT11ELCRCC-4,"(('KXLALIGATOTAL', 'over', 3.5, 'over'), 'NO')",2026-10-10T12:07:30.936520+00:00
564703|Hándicap de goles|2026101012,564703,2026-10-11T07:00:00-05:00,Elche,Celta,Hándicap de goles,Elche no pierde por más de 1.5 goles,0.756419,0.756000,Sin calibrar: faltan 30 casos comparables,85%,Disponible ahora,KXLALIGASPREAD-26OCT11ELCRCC-RCC2,"(('KXLALIGASPREAD', 'visita', 1.5, None), 'NO')",2026-10-10T12:07:30.936520+00:00
564703|Goles 2.ª parte|2026101012,564703,2026-10-11T07:00:00-05:00,Elche,Celta,Goles 2.ª parte,Más de 0.5 goles (2.ª parte),0.752343,0.752000,Sin calibrar: faltan 30 casos comparables,99%,Disponible ahora,KXLALIGA2HTOTAL-26OCT11ELCRCC-1,"(('KXLALIGA2HTOTAL', 'over', 0.5, 'over'), 'YES')",2026-10-10T12:07:30.936520+00:00
564703|Goles 1.ª parte|2026101012,564703,2026-10-11T07:00:00-05:00,Elche,Celta,Goles 1.ª parte,0–1 goles (1.ª parte),0.700918,0.701000,Sin calibrar: faltan 30 casos comparables,70%,Disponible ahora,KXLALIGA1HTOTAL-26OCT11ELCRCC-2,"(('KXLALIGA1HTOTAL', 'over', 1.5, 'over'), 'NO')",2026-10-10T12:07:30.936520+00:00
564703|Primer gol|2026101012,564703,2026-10-11T07:00:00-05:00,Elche,Celta,Primer gol,Primer gol de Celta o sin goles,0.631366,0.631000,Sin calibrar: faltan 30 casos comparables,—,Tipo/línea ofrecido en LaLiga; falta abrirlo para este partido,—,"(('KXLALIGAFTTS', 'local', None, None), 'NO')",2026-10-10T12:07:30.936520+00:00
564707|Hándicap 1.ª parte|2026101012,564707,2026-10-11T09:15:00-05:00,Real Sociedad,Deportivo,Hándicap 1.ª parte,Deportivo no pierde por más de 1 gol (1.ª parte),0.930798,0.931000,Sin calibrar: faltan 30 casos comparables,86%,Disponible ahora,KXLALIGA1HSPREAD-26OCT11RSODEP-RSO2,"(('KXLALIGA1HSPREAD', 'local', 1.0, None), 'NO')",2026-10-10T12:07:30.936520+00:00
564707|Hándicap de goles|2026101012,564707,2026-10-11T09:15:00-05:00,Real Sociedad,Deportivo,Hándicap de goles,Real Sociedad no pierde por más de 1.5 goles,0.770180,0.770000,Sin calibrar: faltan 30 casos comparables,95%,Disponible ahora,KXLALIGASPREAD-26OCT11RSODEP-DEP2,"(('KXLALIGASPREAD', 'visita', 1.5, None), 'NO')",2026-10-10T12:07:30.936520+00:00
564707|Goles por equipo|2026101012,564707,2026-10-11T09:15:00-05:00,Real Sociedad,Deportivo,Goles por equipo,2 o menos goles de Deportivo,0.765494,0.765000,Sin calibrar: faltan 30 casos comparables,95%,Disponible ahora,KXLALIGATEAMTOTAL-26OCT11RSODEP-DEP3,"(('KXLALIGATEAMTOTAL', 'visita', 2.5, 'over'), 'NO')",2026-10-10T12:07:30.936520+00:00
564707|Ambos marcan 1.ª parte|2026101012,564707,2026-10-11T09:15:00-05:00,Real Sociedad,Deportivo,Ambos marcan 1.ª parte,Uno o ambos equipos se quedan sin marcar en la 1.ª parte,0.762463,0.762000,Sin calibrar: faltan 30 casos comparables,83%,Disponible ahora,KXLALIGA1HBTTS-26OCT11RSODEP-BTTS,"(('KXLALIGA1HBTTS', 'ambos', None, None), 'NO')",2026-10-10T12:07:30.936520+00:00
564707|Goles 2.ª parte|2026101012,564707,2026-10-11T09:15:00-05:00,Real Sociedad,Deportivo,Goles 2.ª parte,0–2 goles (2.ª parte),0.753740,0.754000,Sin calibrar: faltan 30 casos comparables,—,"Kalshi lista el contrato, sin oferta NO",KXLALIGA2HTOTAL-26OCT11RSODEP-3,"(('KXLALIGA2HTOTAL', 'over', 2.5, 'over'), 'NO')",2026-10-10T12:07:30.936520+00:00
564707|Goles 1.ª parte|2026101012,564707,2026-10-11T09:15:00-05:00,Real Sociedad,Deportivo,Goles 1.ª parte,Más de 0.5 goles (1.ª parte),0.739243,0.739000,Sin calibrar: faltan 30 casos comparables,73%,Disponible ahora,KXLALIGA1HTOTAL-26OCT11RSODEP-1,"(('KXLALIGA1HTOTAL', 'over', 0.5, 'over'), 'YES')",2026-10-10T12:07:30.936520+00:00
564707|Goles totales|2026101012,564707,2026-10-11T09:15:00-05:00,Real Sociedad,Deportivo,Goles totales,0–3 goles totales,0.634386,0.634000,Sin calibrar: faltan 30 casos comparables,68%,Disponible ahora,KXLALIGATOTAL-26OCT11RSODEP-4,"(('KXLALIGATOTAL', 'over', 3.5, 'over'), 'NO')",2026-10-10T12:07:30.936520+00:00
564707|Ambos marcan|2026101012,564707,2026-10-11T09:15:00-05:00,Real Sociedad,Deportivo,Ambos marcan,Ambos equipos marcan,0.609115,0.609000,Sin calibrar: faltan 30 casos comparables,55%,Disponible ahora,KXLALIGABTTS-26OCT11RSODEP-BTTS,"(('KXLALIGABTTS', 'ambos', None, None), 'YES')",2026-10-10T12:07:30.936520+00:00
564707|Primer gol|2026101012,564707,2026-10-11T09:15:00-05:00,Real Sociedad,Deportivo,Primer gol,Primer gol de Deportivo o sin goles,0.567115,0.567000,Sin calibrar: faltan 30 casos comparables,38%,Disponible ahora,KXLALIGAFTTS-26OCT11RSODEP-RSO,"(('KXLALIGAFTTS', 'local', None, None), 'NO')",2026-10-10T12:07:30.936520+00:00
564707|Resultado|2026101012,564707,2026-10-11T09:15:00-05:00,Real Sociedad,Deportivo,Resultado,Gana Deportivo,0.441881,0.442000,Sin calibrar: faltan 30 casos comparables,17%,Disponible ahora,KXLALIGAGAME-26OCT11RSODEP-DEP,"(('KXLALIGAGAME', 'visita', None, None), 'YES')",2026-10-10T12:07:30.936520+00:00
564701|Hándicap 1.ª parte|2026101012,564701,2026-10-11T11:30:00-05:00,Real Betis,Osasuna,Hándicap 1.ª parte,Real Betis no pierde por más de 1 gol (1.ª parte),0.984738,0.985000,Sin calibrar: faltan 30 casos comparables,—,Tipo/línea ofrecido en LaLiga; falta abrirlo para este partido,—,"(('KXLALIGA1HSPREAD', 'visita', 1.0, None), 'NO')",2026-10-10T12:07:30.936520+00:00
564701|Ambos marcan 1.ª parte|2026101012,564701,2026-10-11T11:30:00-05:00,Real Betis,Osasuna,Ambos marcan 1.ª parte,Uno o ambos equipos se quedan sin marcar en la 1.ª parte,0.861136,0.861000,Sin calibrar: faltan 30 casos comparables,82%,Disponible ahora,KXLALIGA1HBTTS-26OCT11RBBOSA-BTTS,"(('KXLALIGA1HBTTS', 'ambos', None, None), 'NO')",2026-10-10T12:07:30.936520+00:00
564701|Corners por equipo|2026101012,564701,2026-10-11T11:30:00-05:00,Real Betis,Osasuna,Corners por equipo,0–7 corners de Real Betis,0.799956,0.800000,Sin calibrar: faltan 30 casos comparables,—,Tipo/línea ofrecido en LaLiga; falta abrirlo para este partido,—,"(('KXLALIGATCORNERS', 'local', 8.0, 'over'), 'NO')",2026-10-10T12:07:30.936520+00:00
564701|Hándicap de goles|2026101012,564701,2026-10-11T11:30:00-05:00,Real Betis,Osasuna,Hándicap de goles,Osasuna no pierde por más de 2.5 goles,0.794713,0.795000,Sin calibrar: faltan 30 casos comparables,83%,Disponible ahora,KXLALIGASPREAD-26OCT11RBBOSA-RBB3,"(('KXLALIGASPREAD', 'local', 2.5, None), 'NO')",2026-10-10T12:07:30.936520+00:00
564701|Corners totales|2026101012,564701,2026-10-11T11:30:00-05:00,Real Betis,Osasuna,Corners totales,7+ corners totales,0.784482,0.784000,Sin calibrar: faltan 30 casos comparables,95%,Disponible ahora,KXLALIGACORNERS-26OCT11RBBOSA-7,"(('KXLALIGACORNERS', 'over', 7.0, 'over'), 'YES')",2026-10-10T12:07:30.936520+00:00
564701|Primer gol|2026101012,564701,2026-10-11T11:30:00-05:00,Real Betis,Osasuna,Primer gol,Primer gol de Real Betis o sin goles,0.768935,0.769000,Sin calibrar: faltan 30 casos comparables,—,Tipo/línea ofrecido en LaLiga; falta abrirlo para este partido,—,"(('KXLALIGAFTTS', 'visita', None, None), 'NO')",2026-10-10T12:07:30.936520+00:00
564701|Goles 2.ª parte|2026101012,564701,2026-10-11T11:30:00-05:00,Real Betis,Osasuna,Goles 2.ª parte,Más de 0.5 goles (2.ª parte),0.759786,0.760000,Sin calibrar: faltan 30 casos comparables,99%,Disponible ahora,KXLALIGA2HTOTAL-26OCT11RBBOSA-1,"(('KXLALIGA2HTOTAL', 'over', 0.5, 'over'), 'YES')",2026-10-10T12:07:30.936520+00:00
564701|Goles totales|2026101012,564701,2026-10-11T11:30:00-05:00,Real Betis,Osasuna,Goles totales,0–3 goles totales,0.747867,0.748000,Sin calibrar: faltan 30 casos comparables,69%,Disponible ahora,KXLALIGATOTAL-26OCT11RBBOSA-4,"(('KXLALIGATOTAL', 'over', 3.5, 'over'), 'NO')",2026-10-10T12:07:30.936520+00:00
564701|Goles por equipo|2026101012,564701,2026-10-11T11:30:00-05:00,Real Betis,Osasuna,Goles por equipo,2 o menos goles de Real Betis,0.701819,0.702000,Sin calibrar: faltan 30 casos comparables,70%,Disponible ahora,KXLALIGATEAMTOTAL-26OCT11RBBOSA-RBB3,"(('KXLALIGATEAMTOTAL', 'local', 2.5, 'over'), 'NO')",2026-10-10T12:07:30.936520+00:00
564701|Goles 1.ª parte|2026101012,564701,2026-10-11T11:30:00-05:00,Real Betis,Osasuna,Goles 1.ª parte,0–1 goles (1.ª parte),0.692083,0.692000,Sin calibrar: faltan 30 casos comparables,65%,Disponible ahora,KXLALIGA1HTOTAL-26OCT11RBBOSA-2,"(('KXLALIGA1HTOTAL', 'over', 1.5, 'over'), 'NO')",2026-10-10T12:07:30.936520+00:00
564705|Hándicap 1.ª parte|2026101012,564705,2026-10-11T14:00:00-05:00,Santander,Valencia,Hándicap 1.ª parte,Santander no pierde por más de 1 gol (1.ª parte),0.948480,0.948000,Sin calibrar: faltan 30 casos comparables,94%,Disponible ahora,KXLALIGA1HSPREAD-26OCT11SANVCF-VCF2,"(('KXLALIGA1HSPREAD', 'visita', 1.0, None), 'NO')",2026-10-10T12:07:30.936520+00:00
564705|Ambos marcan 1.ª parte|2026101012,564705,2026-10-11T14:00:00-05:00,Santander,Valencia,Ambos marcan 1.ª parte,Uno o ambos equipos se quedan sin marcar en la 1.ª parte,0.772584,0.773000,Sin calibrar: faltan 30 casos comparables,78%,Disponible ahora,KXLALIGA1HBTTS-26OCT11SANVCF-BTTS,"(('KXLALIGA1HBTTS', 'ambos', None, None), 'NO')",2026-10-10T12:07:30.936520+00:00
564705|Goles 2.ª parte|2026101012,564705,2026-10-11T14:00:00-05:00,Santander,Valencia,Goles 2.ª parte,0–2 goles (2.ª parte),0.757607,0.758000,Sin calibrar: faltan 30 casos comparables,—,"Kalshi lista el contrato, sin oferta NO",KXLALIGA2HTOTAL-26OCT11SANVCF-3,"(('KXLALIGA2HTOTAL', 'over', 2.5, 'over'), 'NO')",2026-10-10T12:07:30.936520+00:00
564705|Corners por equipo|2026101012,564705,2026-10-11T14:00:00-05:00,Santander,Valencia,Corners por equipo,0–6 corners de Valencia,0.756174,0.756000,Sin calibrar: faltan 30 casos comparables,—,Tipo/línea ofrecido en LaLiga; falta abrirlo para este partido,—,"(('KXLALIGATCORNERS', 'visita', 7.0, 'over'), 'NO')",2026-10-10T12:07:30.936520+00:00
564705|Corners totales|2026101012,564705,2026-10-11T14:00:00-05:00,Santander,Valencia,Corners totales,8+ corners totales,0.754216,0.754000,Sin calibrar: faltan 30 casos comparables,81%,Disponible ahora,KXLALIGACORNERS-26OCT11SANVCF-8,"(('KXLALIGACORNERS', 'over', 8.0, 'over'), 'YES')",2026-10-10T12:07:30.936520+00:00
564705|Goles 1.ª parte|2026101012,564705,2026-10-11T14:00:00-05:00,Santander,Valencia,Goles 1.ª parte,Más de 0.5 goles (1.ª parte),0.736210,0.736000,Sin calibrar: faltan 30 casos comparables,74%,Disponible ahora,KXLALIGA1HTOTAL-26OCT11SANVCF-1,"(('KXLALIGA1HTOTAL', 'over', 0.5, 'over'), 'YES')",2026-10-10T12:07:30.936520+00:00
564705|Goles por equipo|2026101012,564705,2026-10-11T14:00:00-05:00,Santander,Valencia,Goles por equipo,2 o menos goles de Santander,0.725476,0.725000,Sin calibrar: faltan 30 casos comparables,80%,Disponible ahora,KXLALIGATEAMTOTAL-26OCT11SANVCF-SAN3,"(('KXLALIGATEAMTOTAL', 'local', 2.5, 'over'), 'NO')",2026-10-10T12:07:30.936520+00:00
564705|Hándicap de goles|2026101012,564705,2026-10-11T14:00:00-05:00,Santander,Valencia,Hándicap de goles,Valencia no pierde por más de 1.5 goles,0.711333,0.711000,Sin calibrar: faltan 30 casos comparables,81%,Disponible ahora,KXLALIGASPREAD-26OCT11SANVCF-SAN2,"(('KXLALIGASPREAD', 'local', 1.5, None), 'NO')",2026-10-10T12:07:30.936520+00:00
564705|Goles totales|2026101012,564705,2026-10-11T14:00:00-05:00,Santander,Valencia,Goles totales,0–3 goles totales,0.640253,0.640000,Sin calibrar: faltan 30 casos comparables,66%,Disponible ahora,KXLALIGATOTAL-26OCT11SANVCF-4,"(('KXLALIGATOTAL', 'over', 3.5, 'over'), 'NO')",2026-10-10T12:07:30.936520+00:00
564705|Primer gol|2026101012,564705,2026-10-11T14:00:00-05:00,Santander,Valencia,Primer gol,Primer gol de Santander o sin goles,0.619462,0.619000,Sin calibrar: faltan 30 casos comparables,60%,Disponible ahora,KXLALIGAFTTS-26OCT11SANVCF-VCF,"(('KXLALIGAFTTS', 'visita', None, None), 'NO')",2026-10-10T12:07:30.936520+00:00
564704|Primer gol|2026101012,564704,2026-10-12T14:00:00-05:00,Levante,Sevilla FC,Primer gol,Habrá al menos un gol,0.958164,0.958000,Sin calibrar: faltan 30 casos comparables,—,Tipo/línea ofrecido en LaLiga; falta abrirlo para este partido,—,"(('KXLALIGAFIRSTGOAL', 'sin_goles', None, None), 'NO')",2026-10-10T12:07:30.936520+00:00
564704|Hándicap 1.ª parte|2026101012,564704,2026-10-12T14:00:00-05:00,Levante,Sevilla FC,Hándicap 1.ª parte,Levante no pierde por más de 1 gol (1.ª parte),0.919738,0.920000,Sin calibrar: faltan 30 casos comparables,—,Tipo/línea ofrecido en LaLiga; falta abrirlo para este partido,—,"(('KXLALIGA1HSPREAD', 'visita', 1.0, None), 'NO')",2026-10-10T12:07:30.936520+00:00
564704|Hándicap de goles|2026101012,564704,2026-10-12T14:00:00-05:00,Levante,Sevilla FC,Hándicap de goles,Sevilla FC no pierde por más de 1.5 goles,0.787105,0.787000,Sin calibrar: faltan 30 casos comparables,—,Tipo/línea ofrecido en LaLiga; falta abrirlo para este partido,—,"(('KXLALIGASPREAD', 'local', 1.5, None), 'NO')",2026-10-10T12:07:30.936520+00:00
564704|Goles totales|2026101012,564704,2026-10-12T14:00:00-05:00,Levante,Sevilla FC,Goles totales,0–4 goles totales,0.785227,0.785000,Sin calibrar: faltan 30 casos comparables,90%,Disponible ahora,KXLALIGATOTAL-26OCT12LEVSEV-5,"(('KXLALIGATOTAL', 'over', 4.5, 'over'), 'NO')",2026-10-10T12:07:30.936520+00:00
564704|Corners por equipo|2026101012,564704,2026-10-12T14:00:00-05:00,Levante,Sevilla FC,Corners por equipo,3+ corners de Sevilla FC,0.783826,0.784000,Sin calibrar: faltan 30 casos comparables,—,Tipo/línea ofrecido en LaLiga; falta abrirlo para este partido,—,"(('KXLALIGATCORNERS', 'visita', 3.0, 'over'), 'YES')",2026-10-10T12:07:30.936520+00:00
564704|Goles por equipo|2026101012,564704,2026-10-12T14:00:00-05:00,Levante,Sevilla FC,Goles por equipo,Más de 0.5 goles de Sevilla FC,0.779337,0.779000,Sin calibrar: faltan 30 casos comparables,—,Tipo/línea ofrecido en LaLiga; falta abrirlo para este partido,—,"(('KXLALIGATEAMTOTAL', 'visita', 0.5, 'over'), 'YES')",2026-10-10T12:07:30.936520+00:00
564704|Goles 1.ª parte|2026101012,564704,2026-10-12T14:00:00-05:00,Levante,Sevilla FC,Goles 1.ª parte,Más de 0.5 goles (1.ª parte),0.752268,0.752000,Sin calibrar: faltan 30 casos comparables,—,Tipo/línea ofrecido en LaLiga; falta abrirlo para este partido,—,"(('KXLALIGA1HTOTAL', 'over', 0.5, 'over'), 'YES')",2026-10-10T12:07:30.936520+00:00
564704|Ambos marcan 1.ª parte|2026101012,564704,2026-10-12T14:00:00-05:00,Levante,Sevilla FC,Ambos marcan 1.ª parte,Uno o ambos equipos se quedan sin marcar en la 1.ª parte,0.748276,0.748000,Sin calibrar: faltan 30 casos comparables,—,Tipo/línea ofrecido en LaLiga; falta abrirlo para este partido,—,"(('KXLALIGA1HBTTS', 'ambos', None, None), 'NO')",2026-10-10T12:07:30.936520+00:00
564704|Goles 2.ª parte|2026101012,564704,2026-10-12T14:00:00-05:00,Levante,Sevilla FC,Goles 2.ª parte,0–2 goles (2.ª parte),0.736345,0.736000,Sin calibrar: faltan 30 casos comparables,—,Tipo/línea ofrecido en LaLiga; falta abrirlo para este partido,—,"(('KXLALIGA2HTOTAL', 'over', 2.5, 'over'), 'NO')",2026-10-10T12:07:30.936520+00:00
564704|Corners totales|2026101012,564704,2026-10-12T14:00:00-05:00,Levante,Sevilla FC,Corners totales,0–11 corners totales,0.722833,0.723000,Sin calibrar: faltan 30 casos comparables,—,Tipo/línea ofrecido en LaLiga; falta abrirlo para este partido,—,"(('KXLALIGACORNERS', 'over', 12.0, 'over'), 'NO')",2026-10-10T12:07:30.936520+00:00
564702|Corners por equipo|2026101018,564702,2026-10-10T14:00:00-05:00,Real Madrid,Villarreal,Corners por equipo,3+ corners de Villarreal,0.782187,0.782000,Sin calibrar: faltan 30 casos comparables,—,Tipo/línea ofrecido en LaLiga; falta abrirlo para este partido,—,"(('KXLALIGATCORNERS', 'visita', 3.0, 'over'), 'YES')",2026-10-10T18:03:27.916606+00:00
564702|Hándicap 1.ª parte|2026101018,564702,2026-10-10T14:00:00-05:00,Real Madrid,Villarreal,Hándicap 1.ª parte,Villarreal no pierde por más de 1 gol (1.ª parte),0.778541,0.779000,Sin calibrar: faltan 30 casos comparables,74%,Disponible ahora,KXLALIGA1HSPREAD-26OCT10RMAVIL-RMA2,"(('KXLALIGA1HSPREAD', 'local', 1.0, None), 'NO')",2026-10-10T18:03:27.916606+00:00
564702|Goles 1.ª parte|2026101018,564702,2026-10-10T14:00:00-05:00,Real Madrid,Villarreal,Goles 1.ª parte,0–2 goles (1.ª parte),0.765227,0.765000,Sin calibrar: faltan 30 casos comparables,75%,Disponible ahora,KXLALIGA1HTOTAL-26OCT10RMAVIL-3,"(('KXLALIGA1HTOTAL', 'over', 2.5, 'over'), 'NO')",2026-10-10T18:03:27.916606+00:00
564702|Corners totales|2026101018,564702,2026-10-10T14:00:00-05:00,Real Madrid,Villarreal,Corners totales,8+ corners totales,0.756558,0.757000,Sin calibrar: faltan 30 casos comparables,84%,Disponible ahora,KXLALIGACORNERS-26OCT10RMAVIL-8,"(('KXLALIGACORNERS', 'over', 8.0, 'over'), 'YES')",2026-10-10T18:03:27.916606+00:00
564702|Goles por equipo|2026101018,564702,2026-10-10T14:00:00-05:00,Real Madrid,Villarreal,Goles por equipo,3 o menos goles de Real Madrid,0.740108,0.740000,Sin calibrar: faltan 30 casos comparables,—,Tipo/línea ofrecido en LaLiga; falta abrirlo para este partido,—,"(('KXLALIGATEAMTOTAL', 'local', 3.5, 'over'), 'NO')",2026-10-10T18:03:27.916606+00:00
564702|Hándicap de goles|2026101018,564702,2026-10-10T14:00:00-05:00,Real Madrid,Villarreal,Hándicap de goles,Villarreal no pierde por más de 2.5 goles,0.732186,0.732000,Sin calibrar: faltan 30 casos comparables,69%,Disponible ahora,KXLALIGASPREAD-26OCT10RMAVIL-RMA3,"(('KXLALIGASPREAD', 'local', 2.5, None), 'NO')",2026-10-10T18:03:27.916606+00:00
564702|Goles totales|2026101018,564702,2026-10-10T14:00:00-05:00,Real Madrid,Villarreal,Goles totales,Más de 2.5 goles totales,0.728446,0.728000,Sin calibrar: faltan 30 casos comparables,77%,Disponible ahora,KXLALIGATOTAL-26OCT10RMAVIL-3,"(('KXLALIGATOTAL', 'over', 2.5, 'over'), 'YES')",2026-10-10T18:03:27.916606+00:00
564702|Ambos marcan 1.ª parte|2026101018,564702,2026-10-10T14:00:00-05:00,Real Madrid,Villarreal,Ambos marcan 1.ª parte,Uno o ambos equipos se quedan sin marcar en la 1.ª parte,0.720061,0.720000,Sin calibrar: faltan 30 casos comparables,72%,Disponible ahora,KXLALIGA1HBTTS-26OCT10RMAVIL-BTTS,"(('KXLALIGA1HBTTS', 'ambos', None, None), 'NO')",2026-10-10T18:03:27.916606+00:00
564702|Primer gol|2026101018,564702,2026-10-10T14:00:00-05:00,Real Madrid,Villarreal,Primer gol,Primer gol de Real Madrid o sin goles,0.689407,0.689000,Sin calibrar: faltan 30 casos comparables,74%,Disponible ahora,KXLALIGAFTTS-26OCT10RMAVIL-VIL,"(('KXLALIGAFTTS', 'visita', None, None), 'NO')",2026-10-10T18:03:27.916606+00:00
564702|Resultado|2026101018,564702,2026-10-10T14:00:00-05:00,Real Madrid,Villarreal,Resultado,Gana Real Madrid,0.670717,0.671000,Sin calibrar: faltan 30 casos comparables,73%,Disponible ahora,KXLALIGAGAME-26OCT10RMAVIL-RMA,"(('KXLALIGAGAME', 'local', None, None), 'YES')",2026-10-10T18:03:27.916606+00:00
564703|Hándicap 1.ª parte|2026101018,564703,2026-10-11T07:00:00-05:00,Elche,Celta,Hándicap 1.ª parte,Celta no pierde por más de 1 gol (1.ª parte),0.958492,0.958000,Sin calibrar: faltan 30 casos comparables,—,Tipo/línea ofrecido en LaLiga; falta abrirlo para este partido,—,"(('KXLALIGA1HSPREAD', 'local', 1.0, None), 'NO')",2026-10-10T18:03:27.916606+00:00
564703|Ambos marcan 1.ª parte|2026101018,564703,2026-10-11T07:00:00-05:00,Elche,Celta,Ambos marcan 1.ª parte,Uno o ambos equipos se quedan sin marcar en la 1.ª parte,0.828145,0.828000,Sin calibrar: faltan 30 casos comparables,82%,Disponible ahora,KXLALIGA1HBTTS-26OCT11ELCRCC-BTTS,"(('KXLALIGA1HBTTS', 'ambos', None, None), 'NO')",2026-10-10T18:03:27.916606+00:00
564703|Corners por equipo|2026101018,564703,2026-10-11T07:00:00-05:00,Elche,Celta,Corners por equipo,0–5 corners de Celta,0.795236,0.795000,Sin calibrar: faltan 30 casos comparables,—,Tipo/línea ofrecido en LaLiga; falta abrirlo para este partido,—,"(('KXLALIGATCORNERS', 'visita', 6.0, 'over'), 'NO')",2026-10-10T18:03:27.916606+00:00
564703|Corners totales|2026101018,564703,2026-10-11T07:00:00-05:00,Elche,Celta,Corners totales,0–11 corners totales,0.775506,0.776000,Sin calibrar: faltan 30 casos comparables,—,Tipo/línea ofrecido en LaLiga; falta abrirlo para este partido,—,"(('KXLALIGACORNERS', 'over', 12.0, 'over'), 'NO')",2026-10-10T18:03:27.916606+00:00
564703|Goles por equipo|2026101018,564703,2026-10-11T07:00:00-05:00,Elche,Celta,Goles por equipo,Más de 0.5 goles de Celta,0.774284,0.774000,Sin calibrar: faltan 30 casos comparables,76%,Disponible ahora,KXLALIGATEAMTOTAL-26OCT11ELCRCC-RCC1,"(('KXLALIGATEAMTOTAL', 'visita', 0.5, 'over'), 'YES')",2026-10-10T18:03:27.916606+00:00
564703|Goles totales|2026101018,564703,2026-10-11T07:00:00-05:00,Elche,Celta,Goles totales,0–3 goles totales,0.759905,0.760000,Sin calibrar: faltan 30 casos comparables,74%,Disponible ahora,KXLALIGATOTAL-26OCT11ELCRCC-4,"(('KXLALIGATOTAL', 'over', 3.5, 'over'), 'NO')",2026-10-10T18:03:27.916606+00:00
564703|Hándicap de goles|2026101018,564703,2026-10-11T07:00:00-05:00,Elche,Celta,Hándicap de goles,Elche no pierde por más de 1.5 goles,0.756601,0.757000,Sin calibrar: faltan 30 casos comparables,85%,Disponible ahora,KXLALIGASPREAD-26OCT11ELCRCC-RCC2,"(('KXLALIGASPREAD', 'visita', 1.5, None), 'NO')",2026-10-10T18:03:27.916606+00:00
564703|Goles 2.ª parte|2026101018,564703,2026-10-11T07:00:00-05:00,Elche,Celta,Goles 2.ª parte,Más de 0.5 goles (2.ª parte),0.751127,0.751000,Sin calibrar: faltan 30 casos comparables,99%,Disponible ahora,KXLALIGA2HTOTAL-26OCT11ELCRCC-1,"(('KXLALIGA2HTOTAL', 'over', 0.5, 'over'), 'YES')",2026-10-10T18:03:27.916606+00:00
564703|Goles 1.ª parte|2026101018,564703,2026-10-11T07:00:00-05:00,Elche,Celta,Goles 1.ª parte,0–1 goles (1.ª parte),0.699661,0.700000,Sin calibrar: faltan 30 casos comparables,69%,Disponible ahora,KXLALIGA1HTOTAL-26OCT11ELCRCC-2,"(('KXLALIGA1HTOTAL', 'over', 1.5, 'over'), 'NO')",2026-10-10T18:03:27.916606+00:00
564703|Primer gol|2026101018,564703,2026-10-11T07:00:00-05:00,Elche,Celta,Primer gol,Primer gol de Celta o sin goles,0.631360,0.631000,Sin calibrar: faltan 30 casos comparables,—,Tipo/línea ofrecido en LaLiga; falta abrirlo para este partido,—,"(('KXLALIGAFTTS', 'local', None, None), 'NO')",2026-10-10T18:03:27.916606+00:00
564707|Hándicap 1.ª parte|2026101018,564707,2026-10-11T09:15:00-05:00,Real Sociedad,Deportivo,Hándicap 1.ª parte,Deportivo no pierde por más de 1 gol (1.ª parte),0.930600,0.931000,Sin calibrar: faltan 30 casos comparables,86%,Disponible ahora,KXLALIGA1HSPREAD-26OCT11RSODEP-RSO2,"(('KXLALIGA1HSPREAD', 'local', 1.0, None), 'NO')",2026-10-10T18:03:27.916606+00:00
564707|Hándicap de goles|2026101018,564707,2026-10-11T09:15:00-05:00,Real Sociedad,Deportivo,Hándicap de goles,Real Sociedad no pierde por más de 1.5 goles,0.770037,0.770000,Sin calibrar: faltan 30 casos comparables,95%,Disponible ahora,KXLALIGASPREAD-26OCT11RSODEP-DEP2,"(('KXLALIGASPREAD', 'visita', 1.5, None), 'NO')",2026-10-10T18:03:27.916606+00:00
564707|Goles por equipo|2026101018,564707,2026-10-11T09:15:00-05:00,Real Sociedad,Deportivo,Goles por equipo,2 o menos goles de Deportivo,0.765500,0.765000,Sin calibrar: faltan 30 casos comparables,95%,Disponible ahora,KXLALIGATEAMTOTAL-26OCT11RSODEP-DEP3,"(('KXLALIGATEAMTOTAL', 'visita', 2.5, 'over'), 'NO')",2026-10-10T18:03:27.916606+00:00
564707|Ambos marcan 1.ª parte|2026101018,564707,2026-10-11T09:15:00-05:00,Real Sociedad,Deportivo,Ambos marcan 1.ª parte,Uno o ambos equipos se quedan sin marcar en la 1.ª parte,0.761369,0.761000,Sin calibrar: faltan 30 casos comparables,82%,Disponible ahora,KXLALIGA1HBTTS-26OCT11RSODEP-BTTS,"(('KXLALIGA1HBTTS', 'ambos', None, None), 'NO')",2026-10-10T18:03:27.916606+00:00
564707|Goles 2.ª parte|2026101018,564707,2026-10-11T09:15:00-05:00,Real Sociedad,Deportivo,Goles 2.ª parte,0–2 goles (2.ª parte),0.755224,0.755000,Sin calibrar: faltan 30 casos comparables,—,"Kalshi lista el contrato, sin oferta NO",KXLALIGA2HTOTAL-26OCT11RSODEP-3,"(('KXLALIGA2HTOTAL', 'over', 2.5, 'over'), 'NO')",2026-10-10T18:03:27.916606+00:00
564707|Goles 1.ª parte|2026101018,564707,2026-10-11T09:15:00-05:00,Real Sociedad,Deportivo,Goles 1.ª parte,Más de 0.5 goles (1.ª parte),0.740409,0.740000,Sin calibrar: faltan 30 casos comparables,73%,Disponible ahora,KXLALIGA1HTOTAL-26OCT11RSODEP-1,"(('KXLALIGA1HTOTAL', 'over', 0.5, 'over'), 'YES')",2026-10-10T18:03:27.916606+00:00
564707|Goles totales|2026101018,564707,2026-10-11T09:15:00-05:00,Real Sociedad,Deportivo,Goles totales,0–3 goles totales,0.634639,0.635000,Sin calibrar: faltan 30 casos comparables,68%,Disponible ahora,KXLALIGATOTAL-26OCT11RSODEP-4,"(('KXLALIGATOTAL', 'over', 3.5, 'over'), 'NO')",2026-10-10T18:03:27.916606+00:00
564707|Ambos marcan|2026101018,564707,2026-10-11T09:15:00-05:00,Real Sociedad,Deportivo,Ambos marcan,Ambos equipos marcan,0.608888,0.609000,Sin calibrar: faltan 30 casos comparables,55%,Disponible ahora,KXLALIGABTTS-26OCT11RSODEP-BTTS,"(('KXLALIGABTTS', 'ambos', None, None), 'YES')",2026-10-10T18:03:27.916606+00:00
564707|Primer gol|2026101018,564707,2026-10-11T09:15:00-05:00,Real Sociedad,Deportivo,Primer gol,Primer gol de Deportivo o sin goles,0.567325,0.567000,Sin calibrar: faltan 30 casos comparables,35%,Disponible ahora,KXLALIGAFTTS-26OCT11RSODEP-RSO,"(('KXLALIGAFTTS', 'local', None, None), 'NO')",2026-10-10T18:03:27.916606+00:00
564707|Resultado|2026101018,564707,2026-10-11T09:15:00-05:00,Real Sociedad,Deportivo,Resultado,Gana Deportivo,0.442111,0.442000,Sin calibrar: faltan 30 casos comparables,17%,Disponible ahora,KXLALIGAGAME-26OCT11RSODEP-DEP,"(('KXLALIGAGAME', 'visita', None, None), 'YES')",2026-10-10T18:03:27.916606+00:00
564701|Hándicap 1.ª parte|2026101018,564701,2026-10-11T11:30:00-05:00,Real Betis,Osasuna,Hándicap 1.ª parte,Real Betis no pierde por más de 1 gol (1.ª parte),0.984655,0.985000,Sin calibrar: faltan 30 casos comparables,—,Tipo/línea ofrecido en LaLiga; falta abrirlo para este partido,—,"(('KXLALIGA1HSPREAD', 'visita', 1.0, None), 'NO')",2026-10-10T18:03:27.916606+00:00
564701|Ambos marcan 1.ª parte|2026101018,564701,2026-10-11T11:30:00-05:00,Real Betis,Osasuna,Ambos marcan 1.ª parte,Uno o ambos equipos se quedan sin marcar en la 1.ª parte,0.860264,0.860000,Sin calibrar: faltan 30 casos comparables,82%,Disponible ahora,KXLALIGA1HBTTS-26OCT11RBBOSA-BTTS,"(('KXLALIGA1HBTTS', 'ambos', None, None), 'NO')",2026-10-10T18:03:27.916606+00:00
564701|Corners por equipo|2026101018,564701,2026-10-11T11:30:00-05:00,Real Betis,Osasuna,Corners por equipo,0–7 corners de Real Betis,0.799956,0.800000,Sin calibrar: faltan 30 casos comparables,—,Tipo/línea ofrecido en LaLiga; falta abrirlo para este partido,—,"(('KXLALIGATCORNERS', 'local', 8.0, 'over'), 'NO')",2026-10-10T18:03:27.916606+00:00
564701|Hándicap de goles|2026101018,564701,2026-10-11T11:30:00-05:00,Real Betis,Osasuna,Hándicap de goles,Osasuna no pierde por más de 2.5 goles,0.794729,0.795000,Sin calibrar: faltan 30 casos comparables,82%,Disponible ahora,KXLALIGASPREAD-26OCT11RBBOSA-RBB3,"(('KXLALIGASPREAD', 'local', 2.5, None), 'NO')",2026-10-10T18:03:27.916606+00:00
564701|Corners totales|2026101018,564701,2026-10-11T11:30:00-05:00,Real Betis,Osasuna,Corners totales,7+ corners totales,0.784482,0.784000,Sin calibrar: faltan 30 casos comparables,95%,Disponible ahora,KXLALIGACORNERS-26OCT11RBBOSA-7,"(('KXLALIGACORNERS', 'over', 7.0, 'over'), 'YES')",2026-10-10T18:03:27.916606+00:00
564701|Primer gol|2026101018,564701,2026-10-11T11:30:00-05:00,Real Betis,Osasuna,Primer gol,Primer gol de Real Betis o sin goles,0.768815,0.769000,Sin calibrar: faltan 30 casos comparables,—,Tipo/línea ofrecido en LaLiga; falta abrirlo para este partido,—,"(('KXLALIGAFTTS', 'visita', None, None), 'NO')",2026-10-10T18:03:27.916606+00:00
564701|Goles 2.ª parte|2026101018,564701,2026-10-11T11:30:00-05:00,Real Betis,Osasuna,Goles 2.ª parte,Más de 0.5 goles (2.ª parte),0.758875,0.759000,Sin calibrar: faltan 30 casos comparables,99%,Disponible ahora,KXLALIGA2HTOTAL-26OCT11RBBOSA-1,"(('KXLALIGA2HTOTAL', 'over', 0.5, 'over'), 'YES')",2026-10-10T18:03:27.916606+00:00
564701|Goles totales|2026101018,564701,2026-10-11T11:30:00-05:00,Real Betis,Osasuna,Goles totales,0–3 goles totales,0.747726,0.748000,Sin calibrar: faltan 30 casos comparables,69%,Disponible ahora,KXLALIGATOTAL-26OCT11RBBOSA-4,"(('KXLALIGATOTAL', 'over', 3.5, 'over'), 'NO')",2026-10-10T18:03:27.916606+00:00
564701|Goles por equipo|2026101018,564701,2026-10-11T11:30:00-05:00,Real Betis,Osasuna,Goles por equipo,2 o menos goles de Real Betis,0.701766,0.702000,Sin calibrar: faltan 30 casos comparables,70%,Disponible ahora,KXLALIGATEAMTOTAL-26OCT11RBBOSA-RBB3,"(('KXLALIGATEAMTOTAL', 'local', 2.5, 'over'), 'NO')",2026-10-10T18:03:27.916606+00:00
564701|Goles 1.ª parte|2026101018,564701,2026-10-11T11:30:00-05:00,Real Betis,Osasuna,Goles 1.ª parte,0–1 goles (1.ª parte),0.690460,0.690000,Sin calibrar: faltan 30 casos comparables,65%,Disponible ahora,KXLALIGA1HTOTAL-26OCT11RBBOSA-2,"(('KXLALIGA1HTOTAL', 'over', 1.5, 'over'), 'NO')",2026-10-10T18:03:27.916606+00:00
564705|Hándicap 1.ª parte|2026101018,564705,2026-10-11T14:00:00-05:00,Santander,Valencia,Hándicap 1.ª parte,Santander no pierde por más de 1 gol (1.ª parte),0.948184,0.948000,Sin calibrar: faltan 30 casos comparables,94%,Disponible ahora,KXLALIGA1HSPREAD-26OCT11SANVCF-VCF2,"(('KXLALIGA1HSPREAD', 'visita', 1.0, None), 'NO')",2026-10-10T18:03:27.916606+00:00
564705|Ambos marcan 1.ª parte|2026101018,564705,2026-10-11T14:00:00-05:00,Santander,Valencia,Ambos marcan 1.ª parte,Uno o ambos equipos se quedan sin marcar en la 1.ª parte,0.771364,0.771000,Sin calibrar: faltan 30 casos comparables,85%,Disponible ahora,KXLALIGA1HBTTS-26OCT11SANVCF-BTTS,"(('KXLALIGA1HBTTS', 'ambos', None, None), 'NO')",2026-10-10T18:03:27.916606+00:00
564705|Goles 2.ª parte|2026101018,564705,2026-10-11T14:00:00-05:00,Santander,Valencia,Goles 2.ª parte,0–2 goles (2.ª parte),0.758953,0.759000,Sin calibrar: faltan 30 casos comparables,—,"Kalshi lista el contrato, sin oferta NO",KXLALIGA2HTOTAL-26OCT11SANVCF-3,"(('KXLALIGA2HTOTAL', 'over', 2.5, 'over'), 'NO')",2026-10-10T18:03:27.916606+00:00
564705|Corners por equipo|2026101018,564705,2026-10-11T14:00:00-05:00,Santander,Valencia,Corners por equipo,0–6 corners de Valencia,0.756174,0.756000,Sin calibrar: faltan 30 casos comparables,—,Tipo/línea ofrecido en LaLiga; falta abrirlo para este partido,—,"(('KXLALIGATCORNERS', 'visita', 7.0, 'over'), 'NO')",2026-10-10T18:03:27.916606+00:00
564705|Corners totales|2026101018,564705,2026-10-11T14:00:00-05:00,Santander,Valencia,Corners totales,8+ corners totales,0.754216,0.754000,Sin calibrar: faltan 30 casos comparables,98%,Disponible ahora,KXLALIGACORNERS-26OCT11SANVCF-8,"(('KXLALIGACORNERS', 'over', 8.0, 'over'), 'YES')",2026-10-10T18:03:27.916606+00:00
564705|Goles 1.ª parte|2026101018,564705,2026-10-11T14:00:00-05:00,Santander,Valencia,Goles 1.ª parte,Más de 0.5 goles (1.ª parte),0.737484,0.737000,Sin calibrar: faltan 30 casos comparables,75%,Disponible ahora,KXLALIGA1HTOTAL-26OCT11SANVCF-1,"(('KXLALIGA1HTOTAL', 'over', 0.5, 'over'), 'YES')",2026-10-10T18:03:27.916606+00:00
564705|Goles por equipo|2026101018,564705,2026-10-11T14:00:00-05:00,Santander,Valencia,Goles por equipo,2 o menos goles de Santander,0.725763,0.726000,Sin calibrar: faltan 30 casos comparables,81%,Disponible ahora,KXLALIGATEAMTOTAL-26OCT11SANVCF-SAN3,"(('KXLALIGATEAMTOTAL', 'local', 2.5, 'over'), 'NO')",2026-10-10T18:03:27.916606+00:00
564705|Hándicap de goles|2026101018,564705,2026-10-11T14:00:00-05:00,Santander,Valencia,Hándicap de goles,Valencia no pierde por más de 1.5 goles,0.711703,0.712000,Sin calibrar: faltan 30 casos comparables,81%,Disponible ahora,KXLALIGASPREAD-26OCT11SANVCF-SAN2,"(('KXLALIGASPREAD', 'local', 1.5, None), 'NO')",2026-10-10T18:03:27.916606+00:00
564705|Goles totales|2026101018,564705,2026-10-11T14:00:00-05:00,Santander,Valencia,Goles totales,0–3 goles totales,0.640312,0.640000,Sin calibrar: faltan 30 casos comparables,66%,Disponible ahora,KXLALIGATOTAL-26OCT11SANVCF-4,"(('KXLALIGATOTAL', 'over', 3.5, 'over'), 'NO')",2026-10-10T18:03:27.916606+00:00
564705|Primer gol|2026101018,564705,2026-10-11T14:00:00-05:00,Santander,Valencia,Primer gol,Primer gol de Santander o sin goles,0.619181,0.619000,Sin calibrar: faltan 30 casos comparables,59%,Disponible ahora,KXLALIGAFTTS-26OCT11SANVCF-VCF,"(('KXLALIGAFTTS', 'visita', None, None), 'NO')",2026-10-10T18:03:27.916606+00:00
564704|Primer gol|2026101018,564704,2026-10-12T14:00:00-05:00,Levante,Sevilla FC,Primer gol,Habrá al menos un gol,0.958115,0.958000,Sin calibrar: faltan 30 casos comparables,—,Tipo/línea ofrecido en LaLiga; falta abrirlo para este partido,—,"(('KXLALIGAFIRSTGOAL', 'sin_goles', None, None), 'NO')",2026-10-10T18:03:27.916606+00:00
564704|Hándicap 1.ª parte|2026101018,564704,2026-10-12T14:00:00-05:00,Levante,Sevilla FC,Hándicap 1.ª parte,Levante no pierde por más de 1 gol (1.ª parte),0.919503,0.920000,Sin calibrar: faltan 30 casos comparables,—,Tipo/línea ofrecido en LaLiga; falta abrirlo para este partido,—,"(('KXLALIGA1HSPREAD', 'visita', 1.0, None), 'NO')",2026-10-10T18:03:27.916606+00:00
564704|Hándicap de goles|2026101018,564704,2026-10-12T14:00:00-05:00,Levante,Sevilla FC,Hándicap de goles,Sevilla FC no pierde por más de 1.5 goles,0.786969,0.787000,Sin calibrar: faltan 30 casos comparables,—,Tipo/línea ofrecido en LaLiga; falta abrirlo para este partido,—,"(('KXLALIGASPREAD', 'local', 1.5, None), 'NO')",2026-10-10T18:03:27.916606+00:00
564704|Goles totales|2026101018,564704,2026-10-12T14:00:00-05:00,Levante,Sevilla FC,Goles totales,0–4 goles totales,0.785435,0.785000,Sin calibrar: faltan 30 casos comparables,90%,Disponible ahora,KXLALIGATOTAL-26OCT12LEVSEV-5,"(('KXLALIGATOTAL', 'over', 4.5, 'over'), 'NO')",2026-10-10T18:03:27.916606+00:00
564704|Corners por equipo|2026101018,564704,2026-10-12T14:00:00-05:00,Levante,Sevilla FC,Corners por equipo,3+ corners de Sevilla FC,0.783826,0.784000,Sin calibrar: faltan 30 casos comparables,—,Tipo/línea ofrecido en LaLiga; falta abrirlo para este partido,—,"(('KXLALIGATCORNERS', 'visita', 3.0, 'over'), 'YES')",2026-10-10T18:03:27.916606+00:00
564704|Goles por equipo|2026101018,564704,2026-10-12T14:00:00-05:00,Levante,Sevilla FC,Goles por equipo,Más de 0.5 goles de Sevilla FC,0.779084,0.779000,Sin calibrar: faltan 30 casos comparables,—,Tipo/línea ofrecido en LaLiga; falta abrirlo para este partido,—,"(('KXLALIGATEAMTOTAL', 'visita', 0.5, 'over'), 'YES')",2026-10-10T18:03:27.916606+00:00
564704|Goles 1.ª parte|2026101018,564704,2026-10-12T14:00:00-05:00,Levante,Sevilla FC,Goles 1.ª parte,Más de 0.5 goles (1.ª parte),0.753422,0.753000,Sin calibrar: faltan 30 casos comparables,—,Tipo/línea ofrecido en LaLiga; falta abrirlo para este partido,—,"(('KXLALIGA1HTOTAL', 'over', 0.5, 'over'), 'YES')",2026-10-10T18:03:27.916606+00:00
564704|Ambos marcan 1.ª parte|2026101018,564704,2026-10-12T14:00:00-05:00,Levante,Sevilla FC,Ambos marcan 1.ª parte,Uno o ambos equipos se quedan sin marcar en la 1.ª parte,0.747120,0.747000,Sin calibrar: faltan 30 casos comparables,—,Tipo/línea ofrecido en LaLiga; falta abrirlo para este partido,—,"(('KXLALIGA1HBTTS', 'ambos', None, None), 'NO')",2026-10-10T18:03:27.916606+00:00
564704|Goles 2.ª parte|2026101018,564704,2026-10-12T14:00:00-05:00,Levante,Sevilla FC,Goles 2.ª parte,0–2 goles (2.ª parte),0.737906,0.738000,Sin calibrar: faltan 30 casos comparables,—,Tipo/línea ofrecido en LaLiga; falta abrirlo para este partido,—,"(('KXLALIGA2HTOTAL', 'over', 2.5, 'over'), 'NO')",2026-10-10T18:03:27.916606+00:00
564704|Corners totales|2026101018,564704,2026-10-12T14:00:00-05:00,Levante,Sevilla FC,Corners totales,0–11 corners totales,0.722833,0.723000,Sin calibrar: faltan 30 casos comparables,—,Tipo/línea ofrecido en LaLiga; falta abrirlo para este partido,—,"(('KXLALIGACORNERS', 'over', 12.0, 'over'), 'NO')",2026-10-10T18:03:27.916606+00:00
