prediction_id,estado,marcador,resuelto_en
564699|Hándicap 1.ª parte|2026101012,WIN,1-2,2026-10-10T18:03:28.105041+00:00
564699|Hándicap de goles|2026101012,WIN,1-2,2026-10-10T18:03:28.122126+00:00
564699|Goles por equipo|2026101012,WIN,1-2,2026-10-10T18:03:28.138764+00:00
564699|Ambos marcan 1.ª parte|2026101012,LOSS,1-2,2026-10-10T18:03:28.155748+00:00
564699|Goles 2.ª parte|2026101012,WIN,1-2,2026-10-10T18:03:28.173581+00:00
564699|Goles 1.ª parte|2026101012,WIN,1-2,2026-10-10T18:03:28.191008+00:00
564699|Goles totales|2026101012,WIN,1-2,2026-10-10T18:03:28.209457+00:00
564699|Ambos marcan|2026101012,WIN,1-2,2026-10-10T18:03:28.227792+00:00
564699|Primer gol|2026101012,LOSS,1-2,2026-10-10T18:03:28.245826+00:00
564699|Resultado|2026101012,LOSS,1-2,2026-10-10T18:03:28.265430+00:00
564700|Ambos marcan 1.ª parte|2026101012,WIN,3-0,2026-10-10T19:09:44.884900+00:00
564700|Goles 2.ª parte|2026101012,WIN,3-0,2026-10-10T19:09:44.885026+00:00
564700|Hándicap 1.ª parte|2026101012,LOSS,3-0,2026-10-10T19:09:44.885112+00:00
564700|Goles totales|2026101012,WIN,3-0,2026-10-10T19:09:44.885187+00:00
564700|Resultado|2026101012,WIN,3-0,2026-10-10T19:09:44.885259+00:00
564700|Goles 1.ª parte|2026101012,WIN,3-0,2026-10-10T19:09:44.894379+00:00
564700|Hándicap de goles|2026101012,LOSS,3-0,2026-10-10T19:09:44.894471+00:00
564700|Primer gol|2026101012,WIN,3-0,2026-10-10T19:13:01.475Z
